{"cameraMode":{"drawMode":0,"name":"Shaded","section":"Shading Mode"},"sceneLighting":true,"audioPlay":false,"sceneViewState":{"showFog":true,"showMaterialUpdate":false,"showSkybox":true,"showFlares":true,"showImageEffects":true,"showParticleSystems":true},"in2DMode":false,"pivot":{"x":696.2066650390625,"y":339.12945556640627,"z":126.9326171875},"rotation":{"x":-0.04798145592212677,"y":0.0029965925496071579,"z":-0.00014394658501259983,"w":-0.9988437294960022},"size":919.3538818359375,"orthographic":true}